alpha1,epoch,lambda_kl,log_var,optuna_loss,step,train_con_loss,train_constraint,train_kl,train_total,val_con_loss,val_constraint,val_kl,val_total
4.129302501678467,0,8.303325653076172,2.578719139099121,1.0399341583251953,812,,,,,0.9798043370246887,0.12427856773138046,0.060129791498184204,4.545182704925537
,0,,,,812,0.9270332455635071,0.10447129607200623,0.06064917519688606,4.331589221954346,,,,
4.129302501678467,1,8.303325653076172,2.578719139099121,1.021018147468567,1625,,,,,0.965864360332489,0.1342824101448059,0.05515362322330475,4.446303844451904
,1,,,,1625,0.8927638530731201,0.11797752976417542,0.05489965155720711,4.142338275909424,,,,
4.129302501678467,2,8.303325653076172,2.578719139099121,1.0124785900115967,2438,,,,,0.9588467478752136,0.1304347813129425,0.05363211780786514,4.404689311981201
,2,,,,2438,0.8800998330116272,0.129367396235466,0.05159306898713112,4.062589168548584,,,,
